id,taxon,common_name,family,type,app_claimed_rarity,inat_sg_observations,inat_sg_research_grade,inat_global_observations,inat_bucket
2,Neurobasis chinensis,Green Metalwing,Calopterygidae,zygoptera,extinct,0,0,3374,0 records (possibly extinct/unrecorded on iNat)
8,Libellago stigmatizans,Orange-face Gem,Chlorocyphidae,zygoptera,extinct,0,0,49,0 records (possibly extinct/unrecorded on iNat)
9,Dysphaea dimidiata,Black Velvetwing,Euphaeidae,zygoptera,extinct,0,0,202,0 records (possibly extinct/unrecorded on iNat)
12,Orolestes wallacei,Great Spreadwing,Lestidae,zygoptera,extinct,0,0,44,0 records (possibly extinct/unrecorded on iNat)
13,Platylestes heterostylus,Slender Spreadwing,Lestidae,zygoptera,very rare,0,0,1,0 records (possibly extinct/unrecorded on iNat)
37,Amphicnemis bebar,Amphicnemis bebar,Coenagrionidae,zygoptera,uncommon,0,0,0,0 records (possibly extinct/unrecorded on iNat)
38,Coeliccia albicauda,White-tailed Sylvan,Platycnemididae,zygoptera,very rare,0,0,231,0 records (possibly extinct/unrecorded on iNat)
39,Coeliccia didyma,Twin-spotted Sylvan,Platycnemididae,zygoptera,very rare,0,0,367,0 records (possibly extinct/unrecorded on iNat)
58,Burmagomphus divaricatus,Splayed Clubtail,Gomphidae,anisoptera,very rare,0,0,63,0 records (possibly extinct/unrecorded on iNat)
59,Burmagomphus plagiatus,Lesser Splayed Clubtail,Gomphidae,anisoptera,extinct,0,0,4,0 records (possibly extinct/unrecorded on iNat)
64,Merogomphus femoralis,Malayan Spineleg,Gomphidae,anisoptera,very rare,0,0,3,0 records (possibly extinct/unrecorded on iNat)
79,Brachydiplax farinosa,Black-tailed Dasher,Libellulidae,anisoptera,very rare,0,0,1214,0 records (possibly extinct/unrecorded on iNat)
96,Neurothemis disparilis,Rare Parasol,Libellulidae,anisoptera,very rare,0,0,5,0 records (possibly extinct/unrecorded on iNat)
114,Rhyothemis pygmaea,Small Bronze Flutterer,Libellulidae,anisoptera,extinct,0,0,0,0 records (possibly extinct/unrecorded on iNat)
117,Tetrathemis irregularis,Elf,Libellulidae,anisoptera,rare,0,0,601,0 records (possibly extinct/unrecorded on iNat)
124,Urothemis abbotti,Rare Basker,Libellulidae,anisoptera,extinct,0,0,114,0 records (possibly extinct/unrecorded on iNat)
127,Zyxomma obtusum,Duskhawker,Libellulidae,anisoptera,,0,0,616,0 records (possibly extinct/unrecorded on iNat)
128,Echo modesta,White-faced Clearwing,Calopterygidae,zygoptera,,0,0,125,0 records (possibly extinct/unrecorded on iNat)
130,Agriocnemis minima,Marsh Wisp,Coenagrionidae,zygoptera,,0,0,416,0 records (possibly extinct/unrecorded on iNat)
135,Burmagomphus arthuri,Arthur's Clubtail,Gomphidae,anisoptera,,0,0,1,0 records (possibly extinct/unrecorded on iNat)
15,Aciagrion hisopa,Blue Slim,Coenagrionidae,zygoptera,very rare,1,1,81,very few records (1-5)
23,Argiocnemis rubescens rubeola,Variable Sprite,Coenagrionidae,zygoptera,uncommon,1,1,83,very few records (1-5)
32,Pseudagrion microcephalum,Blue Sprite,Coenagrionidae,zygoptera,common,1,0,1977,very few records (1-5)
36,Teinobasis cryptica,Teinobasis cryptica,Coenagrionidae,zygoptera,uncommon,1,0,5,very few records (1-5)
71,Macromia cydippe,Lesser Stream Cruiser,Corduliidae,anisoptera,very rare,2,2,21,very few records (1-5)
138,Tetrathemis flavescens,Yellow-tinted Elf,Libellulidae,anisoptera,,2,2,7,very few records (1-5)
60,Heliogomphus kelantanensis,Malayan Grappletail,Gomphidae,anisoptera,very rare,3,3,5,very few records (1-5)
134,Acrogomphus malayanus,Malayan Hooktail,Gomphidae,anisoptera,,3,3,12,very few records (1-5)
62,Leptogomphus risi,Ris' Clubtail,Gomphidae,anisoptera,very rare,7,6,26,few records (6-20)
129,Vestalis gracilis,Plain Flashwing,Calopterygidae,zygoptera,,7,7,2169,few records (6-20)
4,Vestalis amoena,Charming Flashwing,Calopterygidae,zygoptera,uncommon,8,4,84,few records (6-20)
55,Oligoaeschna amata,Paddletail,Aeshnidae,anisoptera,,8,7,11,few records (6-20)
56,Oligoaeschna foliacea,Leaftail,Aeshnidae,anisoptera,rare,8,8,13,few records (6-20)
66,Paragomphus capricornis,Banded Hooktail,Gomphidae,anisoptera,rare,8,8,289,few records (6-20)
53,Heliaeschna crassa,Nighthawker,Aeshnidae,anisoptera,very rare,9,8,31,few records (6-20)
54,Heliaeschna uninervulata,Lesser Nighthawker,Aeshnidae,anisoptera,very rare,10,10,55,few records (6-20)
46,Prodasineura interrupta,Interrupted Threadtail,Protoneuridae,zygoptera,uncommon,11,9,15,few records (6-20)
133,Heliaeschna simplicia,Plain Nighthawker,Aeshnidae,anisoptera,,11,10,24,few records (6-20)
61,Ictinogomphus decoratus melaenops,Common Flangetail,Gomphidae,anisoptera,very common,12,11,98,few records (6-20)
68,Hemicordulia tenera,Emerald,Corduliidae,anisoptera,very rare,12,10,59,few records (6-20)
98,Onychothemis testacea,Riverhawk,Libellulidae,anisoptera,very rare,13,13,534,few records (6-20)
21,Archibasis rebeccae,Rebecca's Sprite,Coenagrionidae,zygoptera,very rare,16,11,21,few records (6-20)
50,Gynacantha bayadera,Small Duskhawker,Aeshnidae,anisoptera,rare,17,13,156,few records (6-20)
49,Gynacantha basiguttata,Spoon-tailed Duskhawker,Aeshnidae,anisoptera,uncommon,18,15,98,few records (6-20)
57,Tetracanthagyna plagiata,Giant Hawker,Aeshnidae,anisoptera,rare,18,18,49,few records (6-20)
65,Microgomphus chelifer,Tiny Sheartail,Gomphidae,anisoptera,rare,18,15,58,few records (6-20)
80,Brachygonia oculata,Pixie,Libellulidae,anisoptera,very rare,18,18,557,few records (6-20)
137,Aciagrion borneense,Bornean Slim,Coenagrionidae,zygoptera,,18,18,168,few records (6-20)
119,Tramea transmarina euryale,Saddlebag Glider,Libellulidae,anisoptera,common,26,26,245,moderate records (21-50)
132,Anax panybeus,Arrow Emperor,Aeshnidae,anisoptera,,35,27,572,moderate records (21-50)
136,Indothemis carnatica,White-tipped Demon,Libellulidae,anisoptera,,43,43,1224,moderate records (21-50)
63,Macrogomphus quadratus,Forktail,Gomphidae,anisoptera,uncommon,48,48,81,moderate records (21-50)
28,Mortonagrion falcatum,Hooked Midget,Coenagrionidae,zygoptera,very rare,52,49,82,many records (51-150)
30,Pericnemis stictica,Dryad,Coenagrionidae,zygoptera,rare,52,50,81,many records (51-150)
20,Archibasis melanocyana,Blue-nosed Sprite,Coenagrionidae,zygoptera,rare,53,45,69,many records (51-150)
131,Mortonagrion aborense,Blue Midget,Coenagrionidae,zygoptera,,53,53,529,many records (51-150)
83,Chalybeothemis fluviatilis,Green-eyed Percher,Libellulidae,anisoptera,uncommon,54,54,108,many records (51-150)
92,Lyriothemis cleis,Bombardier,Libellulidae,anisoptera,rare,55,55,179,many records (51-150)
17,Agriocnemis nana,Dwarf Wisp,Coenagrionidae,zygoptera,very rare,58,51,213,many records (51-150)
67,Epophthalmia vittigera,Pond Cruiser,Corduliidae,anisoptera,rare,60,52,136,many records (51-150)
42,Copera vittata,Variable Featherlegs,Platycnemididae,zygoptera,rare,63,61,1597,many records (51-150)
5,Libellago aurantiaca,Fiery Gem,Chlorocyphidae,zygoptera,uncommon,75,75,184,many records (51-150)
125,Urothemis signata insignata,Scarlet Basker,Libellulidae,anisoptera,very common,76,75,105,many records (51-150)
70,Macromia cincta,Stream Cruiser,Corduliidae,anisoptera,rare,77,72,95,many records (51-150)
18,Agriocnemis pygmaea,Wandering Wisp,Coenagrionidae,zygoptera,,87,71,9031,many records (51-150)
99,Orchithemis pruinans,Blue Sentinel,Libellulidae,anisoptera,rare,89,82,128,many records (51-150)
116,Risiophlebia dohrni,Potbellied Elf,Libellulidae,anisoptera,rare,95,92,152,many records (51-150)
27,Mortonagrion arthuri,Arthur's Midget,Coenagrionidae,zygoptera,rare,96,90,130,many records (51-150)
34,Pseudagrion rubriceps,Orange-face Sprite,Coenagrionidae,zygoptera,very rare,97,97,2667,many records (51-150)
43,Drepanosticta quadrata,Singapore Shadowdamsel,Platystictidae,zygoptera,common,97,96,153,many records (51-150)
6,Libellago hyalina,Clearwing Gem,Chlorocyphidae,zygoptera,rare,101,96,359,many records (51-150)
10,Euphaea impar,Blue-sided Satinwing,Euphaeidae,zygoptera,uncommon,120,116,494,many records (51-150)
73,Aethriamanta aethra,Blue Adjudant,Libellulidae,anisoptera,common,128,105,383,many records (51-150)
77,Agrionoptera sexlineata,Handsome Grenadier,Libellulidae,anisoptera,uncommon,137,136,320,many records (51-150)
51,Gynacantha dohrni,Spear-tail Duskhawker,Aeshnidae,anisoptera,uncommon,153,118,188,abundant records (150+)
41,Copera marginipes,Yellow Featherlegs,Platycnemididae,zygoptera,common,158,145,9706,abundant records (150+)
35,Teinobasis ruficollis,Red-tailed Sprite,Coenagrionidae,zygoptera,rare,161,159,211,abundant records (150+)
25,Ceriagrion chaoi,Fiery Coraltail,Coenagrionidae,zygoptera,rare,163,153,346,abundant records (150+)
89,Hydrobasileus croceus,Water Monarch,Libellulidae,anisoptera,common,164,156,803,abundant records (150+)
48,Anax guttatus,Emperor,Aeshnidae,anisoptera,uncommon,166,141,1166,abundant records (150+)
1,Devadatta argyoides,Malayan Grisette,Amphipterygidae,zygoptera,uncommon,173,167,409,abundant records (150+)
90,Indothemis limbata,Restless Demon,Libellulidae,anisoptera,rare,173,167,303,abundant records (150+)
84,Cratilla lineata,Lined Forest-skimmer,Libellulidae,anisoptera,rare,182,171,1421,abundant records (150+)
69,Idionyx yolanda,Shadowdancer,Corduliidae,anisoptera,rare,184,170,194,abundant records (150+)
52,Gynacantha subinterrupta,Dingy Duskhawker,Aeshnidae,anisoptera,uncommon,204,129,1513,abundant records (150+)
107,Pornothemis starrei,Mangrove Marshal,Libellulidae,anisoptera,rare,207,200,261,abundant records (150+)
29,Onychargia atrocyana,Shorttail,Coenagrionidae,zygoptera,uncommon,222,203,2527,abundant records (150+)
126,Zyxomma petiolatum,Slender Duskdarter,Libellulidae,anisoptera,common,228,209,2215,abundant records (150+)
33,Pseudagrion pruinosum,Grey Sprite,Coenagrionidae,zygoptera,uncommon,230,204,1029,abundant records (150+)
31,Pseudagrion australasiae,Look-alike Sprite,Coenagrionidae,zygoptera,uncommon,242,211,652,abundant records (150+)
7,Libellago lineata,Golden Gem,Chlorocyphidae,zygoptera,,249,236,1752,abundant records (150+)
112,Rhyothemis obsolescens,Bronze Flutterer,Libellulidae,anisoptera,uncommon,263,258,629,abundant records (150+)
95,Nesoxenia lineata,Striped Grenadier,Libellulidae,anisoptera,uncommon,265,256,351,abundant records (150+)
109,Pseudothemis jorina,Banded Skimmer,Libellulidae,anisoptera,uncommon,277,269,675,abundant records (150+)
74,Aethriamanta brevipennis,Scarlet Adjudant,Libellulidae,anisoptera,rare,308,282,2248,abundant records (150+)
110,Raphismia bispina,Mangrove Dwarf,Libellulidae,anisoptera,uncommon,317,307,589,abundant records (150+)
108,Potamarcha congener,Common Chaser,Libellulidae,anisoptera,common,354,340,6556,abundant records (150+)
106,Pantala flavescens,Wandering Glider,Libellulidae,anisoptera,very common,389,355,35849,abundant records (150+)
40,Coeliccia octogesima,Telephone Sylvan,Platycnemididae,zygoptera,common,395,385,430,abundant records (150+)
22,Archibasis viola,Violet Sprite,Coenagrionidae,zygoptera,uncommon,400,350,520,abundant records (150+)
115,Rhyothemis triangularis,Sapphire Flutterer,Libellulidae,anisoptera,uncommon,431,428,1583,abundant records (150+)
11,Lestes praemorsus,Crenulated Spreadwing,Lestidae,zygoptera,uncommon,452,450,1159,abundant records (150+)
14,Podolestes orientalis,Blue-spotted Flatwing,Megapodagrionidae,zygoptera,uncommon,464,458,625,abundant records (150+)
47,Prodasineura notostigma,Crescent Threadtail,Protoneuridae,zygoptera,common,473,432,565,abundant records (150+)
19,Amphicnemis gracilis,Will-o-wisp,Coenagrionidae,zygoptera,uncommon,548,523,619,abundant records (150+)
87,Diplacodes nebulosa,Black-tipped Percher,Libellulidae,anisoptera,uncommon,590,583,1608,abundant records (150+)
81,Brachythemis contaminata,Common Amberwing,Libellulidae,anisoptera,common,644,621,21156,abundant records (150+)
94,Nannophya pygmaea,Scarlet Pygmy,Libellulidae,anisoptera,uncommon,653,644,1639,abundant records (150+)
121,Trithemis festiva,Indigo Dropwing,Libellulidae,anisoptera,common,663,647,8893,abundant records (150+)
93,Macrodiplax cora,Coastal Glider,Libellulidae,anisoptera,,673,628,3504,abundant records (150+)
82,Camacinia gigantea,Sultan,Libellulidae,anisoptera,rare,711,710,1156,abundant records (150+)
103,Orthetrum luzonicum,Slender Blue Skimmer,Libellulidae,anisoptera,common,784,726,5028,abundant records (150+)
72,Acisoma panorpoides,Trumpet Tail,Libellulidae,anisoptera,common,842,834,6970,abundant records (150+)
16,Agriocnemis femina,Variable Wisp,Coenagrionidae,zygoptera,common,860,749,4899,abundant records (150+)
75,Aethriamanta gracilis,Pond Adjutant,Libellulidae,anisoptera,common,907,842,1216,abundant records (150+)
45,Prodasineura humeralis,Orange-striped Threadtail,Protoneuridae,zygoptera,uncommon,966,916,1272,abundant records (150+)
3,Vestalis amethystina,Common Flashwing,Calopterygidae,zygoptera,common,1059,865,1485,abundant records (150+)
88,Diplacodes trivialis,Blue Percher,Libellulidae,anisoptera,common,1071,1057,33495,abundant records (150+)
111,Rhodothemis rufa,Common Redbolt,Libellulidae,anisoptera,common,1133,1047,3862,abundant records (150+)
105,Orthetrum testaceum,Scarlet Skimmer,Libellulidae,anisoptera,common,1179,1030,5185,abundant records (150+)
85,Cratilla metallica,Dark-tipped Forest-skimmer,Libellulidae,anisoptera,common,1234,1216,1751,abundant records (150+)
118,Tholymis tillarga,White-barred Duskhawk,Libellulidae,anisoptera,common,1316,1291,7558,abundant records (150+)
44,Prodasineura collaris,Collared Threadtail,Protoneuridae,zygoptera,uncommon,1353,1242,1544,abundant records (150+)
122,Trithemis pallidinervis,Dancing Dropwing,Libellulidae,anisoptera,uncommon,1437,1327,4143,abundant records (150+)
123,Tyriobapta torrida,Treehugger,Libellulidae,anisoptera,common,1546,1534,2633,abundant records (150+)
24,Ceriagrion cerinorubellum,Ornate Coraltail,Coenagrionidae,zygoptera,common,1795,1753,4938,abundant records (150+)
100,Orchithemis pulcherrima,Variable Sentinel,Libellulidae,anisoptera,common,1872,1790,2469,abundant records (150+)
26,Ischnura senegalensis,Common Bluetail,Coenagrionidae,zygoptera,very common,1876,1692,22583,abundant records (150+)
104,Orthetrum sabina,Variegated Green Skimmer,Libellulidae,anisoptera,very common,1902,1873,30068,abundant records (150+)
91,Lathrecista asiatica,Scarlet Grenadier,Libellulidae,anisoptera,common,1922,1907,6221,abundant records (150+)
102,Orthetrum glaucum,Common Blue Skimmer,Libellulidae,anisoptera,common,1952,1740,15600,abundant records (150+)
78,Brachydiplax chalybea,Blue Dasher,Libellulidae,anisoptera,common,1964,1917,9022,abundant records (150+)
113,Rhyothemis phyllis,Yellow-Barred Flutterer,Libellulidae,anisoptera,very common,2110,2085,15019,abundant records (150+)
76,Agrionoptera insignis,Grenadier,Libellulidae,anisoptera,uncommon,2416,2369,5188,abundant records (150+)
101,Orthetrum chrysis,Spine-tufted Skimmer,Libellulidae,anisoptera,common,2447,2332,7561,abundant records (150+)
120,Trithemis aurora,Crimson Dropwing,Libellulidae,anisoptera,common,3528,3406,20787,abundant records (150+)
86,Crocothemis servilia,Common Scarlet,Libellulidae,anisoptera,very common,6340,6013,33156,abundant records (150+)
97,Neurothemis fluctuans,Common Parasol,Libellulidae,anisoptera,common,9387,9223,15216,abundant records (150+)
