id,taxon,common_name,family,type,checklist_distribution_rarity,inat_sg_observations_raw,inat_sg_observations_excl_bulk_user,inat_sg_research_grade,inat_global_observations_excl_bulk_user,Suggest change to,,
2,Neurobasis chinensis,Green Metalwing,Calopterygidae,zygoptera,Nationally Extinct,0,0,0,3373,(no change),very rare or extinct,
8,Libellago stigmatizans,Orange-faced Gem,Chlorocyphidae,zygoptera,Nationally Extinct,0,0,0,49,(no change),,
9,Dysphaea dimidiata,Black Velvetwing,Euphaeidae,zygoptera,Nationally Extinct,0,0,0,202,(no change),,
12,Orolestes wallacei,Great Spreadwing,Lestidae,zygoptera,Nationally Extinct,0,0,0,44,(no change),,
13,Platylestes heterostylus,Slender Spreadwing,Lestidae,zygoptera,Restricted & Very Rare,0,0,0,1,(no change),,
37,Amphicnemis bebar,Bebar Wisp,Coenagrionidae,zygoptera,Restricted & Very Rare,0,0,0,0,(no change),,
38,Coeliccia albicauda,White-tailed Sylvan,Platycnemididae,zygoptera,Restricted & Very Rare,0,0,0,229,(no change),,
39,Coeliccia didyma,Twin-spotted Sylvan,Platycnemididae,zygoptera,Restricted & Very Rare,0,0,0,367,(no change),,
58,Burmagomphus divaricatus,Splayed Clubtail,Gomphidae,anisoptera,Nationally Extinct,0,0,0,63,(no change),,
59,Burmagomphus plagiatus,Lesser Splayed Clubtail,Gomphidae,anisoptera,Nationally Extinct,0,0,0,4,(no change),,
64,Merogomphus femoralis,Malayan Spineleg,Gomphidae,anisoptera,Restricted & Very Rare,0,0,0,3,(no change),,
79,Brachydiplax farinosa,Black-tailed Dasher,Libellulidae,anisoptera,Restricted & Very Rare,0,0,0,1214,(no change),,
96,Neurothemis disparilis,Rare Parasol,Libellulidae,anisoptera,Nationally Extinct,0,0,0,5,(no change),,
114,Rhyothemis fulgens,Small Bronze Flutterer,Libellulidae,anisoptera,Nationally Extinct,0,0,0,14,(no change),,
124,Urothemis abbotti,Rare Basker,Libellulidae,anisoptera,Nationally Extinct,0,0,0,114,(no change),,
127,Zyxomma obtusum,White Duskdarter,Libellulidae,anisoptera,Restricted & Uncommon,0,0,0,616,Restricted & Very Rare,,
128,Echo modesta,White-faced Clearwing,Calopterygidae,zygoptera,Nationally Extinct,0,0,0,125,(no change),,
130,Agriocnemis minima,Marsh Wisp,Coenagrionidae,zygoptera,Restricted & Very Rare,0,0,0,416,(no change),,
135,Burmagomphus arthuri,Arthur's Clubtail,Gomphidae,anisoptera,Restricted & Very Rare,0,0,0,1,(no change),,
36,Teinobasis cryptica,Cryptic Shadesprite,Coenagrionidae,zygoptera,Restricted & Very Rare,1,1,0,5,(no change),,
15,Aciagrion hisopa,Blue Slim,Coenagrionidae,zygoptera,Restricted & Very Rare,1,1,1,81,(no change),,
71,Macromia cydippe,Lesser Stream Cruiser,Macromiidae,anisoptera,Restricted & Rare,2,2,2,21,Restricted & Very Rare,,
138,Tetrathemis flavescens,Yellow-tinted Elf,Libellulidae,anisoptera,Restricted & Rare,2,2,2,7,Restricted & Very Rare,,
60,Heliogomphus kelantanensis,Malayan Grappletail,Gomphidae,anisoptera,Restricted & Rare,3,3,3,5,Restricted & Very Rare,,
134,Acrogomphus malayanus,Malayan Hooktail,Gomphidae,anisoptera,Restricted & Rare,3,3,3,12,Restricted & Very Rare,,
4,Vestalis amoena,Charming Flashwing,Calopterygidae,zygoptera,Restricted & Uncommon,8,8,4,84,Restricted & Very Rare,,
62,Leptogomphus risi,Ris' Clubtail,Gomphidae,anisoptera,Restricted & Rare,7,7,6,26,Restricted & Very Rare,,
129,Vestalis gracilis,Plain Flashwing,Calopterygidae,zygoptera,Restricted but Common,7,7,7,2168,Restricted & Very Rare,,
53,Heliaeschna crassa,Nighthawker,Aeshnidae,anisoptera,Restricted & Very Rare,9,8,7,30,(no change),,
55,Oligoaeschna amata,Paddletail,Aeshnidae,anisoptera,Restricted & Very Rare,8,8,7,11,(no change),,
56,Oligoaeschna foliacea,Leaftail,Aeshnidae,anisoptera,Restricted & Very Rare,8,8,8,13,(no change),,
66,Paragomphus capricornis,Banded Hooktail,Gomphidae,anisoptera,Restricted & Rare,8,8,8,289,Restricted & Very Rare,,
46,Prodasineura interrupta,Interrupted Threadtail,Platycnemididae,zygoptera,Restricted & Uncommon,11,11,9,15,Restricted & Very Rare,,
68,Hemicordulia tenera,Emerald,Corduliidae,anisoptera,Restricted & Rare,12,11,9,58,Restricted & Very Rare,,
54,Heliaeschna uninervulata,Lesser Nighthawker,Aeshnidae,anisoptera,Widespread but Rare,10,10,10,55,Widespread but Very Rare,,
133,Heliaeschna simplicia,Plain Nighthawker,Aeshnidae,anisoptera,Restricted & Very Rare,11,11,10,24,(no change),,
,,,,,,,,,,,,
21,Archibasis rebeccae,Rebecca's Sprite,Coenagrionidae,zygoptera,Restricted & Very Rare,16,16,11,21,Restricted & Rare,rare,
98,Onychothemis testacea,Riverhawk,Libellulidae,anisoptera,Restricted & Very Rare,13,12,12,530,Restricted & Rare,,
117,Tetrathemis hyalina,Elf,Libellulidae,anisoptera,Restricted & Very Rare,12,12,12,310,Restricted & Rare,,
50,Gynacantha bayadera,Small Duskhawker,Aeshnidae,anisoptera,Widespread but Rare,17,17,13,156,(no change),,
49,Gynacantha basiguttata,Spoon-tailed Duskhawker,Aeshnidae,anisoptera,Restricted & Rare,18,18,15,98,(no change),,
65,Microgomphus chelifer,Tiny Sheartail,Gomphidae,anisoptera,Restricted & Rare,18,18,15,58,(no change),,
57,Tetracanthagyna plagiata,Giant Hawker,Aeshnidae,anisoptera,Restricted & Uncommon,18,18,18,49,Restricted & Rare,,
80,Brachygonia oculata,Pixie,Libellulidae,anisoptera,Restricted & Uncommon,18,18,18,557,Restricted & Rare,,
137,Aciagrion borneense,Bornean Slim,Coenagrionidae,zygoptera,Restricted & Uncommon,18,18,18,168,Restricted & Rare,,
132,Anax panybeus,Arrow Emperor,Aeshnidae,anisoptera,Widespread but Rare,35,35,27,573,(no change),,
136,Indothemis carnatica,White-tipped Demon,Libellulidae,anisoptera,Restricted & Very Rare,43,42,42,1223,Restricted & Rare,,0-10 very rare / extinct
20,Archibasis melanocyana,Blue-nosed Sprite,Coenagrionidae,zygoptera,Restricted & Rare,53,53,45,69,(no change),,11-100 rare
63,Macrogomphus quadratus,Forktail,Gomphidae,anisoptera,Restricted & Uncommon,48,48,48,81,Restricted & Rare,,100-500 - uncommon
28,Mortonagrion falcatum,Hooked Midget,Coenagrionidae,zygoptera,Restricted & Very Rare,52,52,49,82,Restricted & Rare,,>500 common
30,Pericnemis stictica,Dryad,Coenagrionidae,zygoptera,Restricted & Rare,52,52,50,81,(no change),,
17,Agriocnemis nana,Dwarf Wisp,Coenagrionidae,zygoptera,Restricted & Very Rare,58,58,51,213,Restricted & Rare,,
67,Epophthalmia vittigera,Pond Cruiser,Macromiidae,anisoptera,Widespread & Common,60,60,52,136,Widespread but Rare,,
131,Mortonagrion aborense,Blue Midget,Coenagrionidae,zygoptera,Restricted & Rare,53,53,53,529,(no change),,
83,Chalybeothemis fluviatilis,Green-eyed Percher,Libellulidae,anisoptera,Restricted & Uncommon,54,54,54,108,Restricted & Rare,,
92,Lyriothemis cleis,Bombardier,Libellulidae,anisoptera,Restricted & Rare,55,54,54,177,(no change),,
42,Copera vittata,Variable Featherlegs,Platycnemididae,zygoptera,Restricted & Rare,63,62,60,1595,(no change),,
18,Agriocnemis pygmaea,Wandering Wisp,Coenagrionidae,zygoptera,Widespread but Rare,87,82,71,9026,(no change),,
70,Macromia cincta,Stream Cruiser,Macromiidae,anisoptera,Restricted & Rare,77,77,72,95,(no change),,
5,Libellago aurantiaca,Fiery Gem,Chlorocyphidae,zygoptera,Restricted but Common,75,75,75,184,Restricted & Rare,,
99,Orchithemis pruinans,Blue Sentinel,Libellulidae,anisoptera,Restricted & Rare,89,89,82,128,(no change),,
27,Mortonagrion arthuri,Arthur's Midget,Coenagrionidae,zygoptera,Restricted & Rare,96,96,90,130,(no change),,
116,Risiophlebia dohrni,Potbellied Elf,Libellulidae,anisoptera,Restricted & Rare,95,95,92,152,(no change),,
43,Drepanosticta quadrata,Singapore Shadowdamsel,Platystictidae,zygoptera,Restricted but Common,97,97,96,153,Restricted & Rare,,
6,Libellago hyalina,Clearwing Gem,Chlorocyphidae,zygoptera,Restricted but Common,101,101,96,359,Restricted & Rare,,
34,Pseudagrion rubriceps,Orange-faced Sprite,Coenagrionidae,zygoptera,Widespread but Rare,97,97,97,2668,(no change),,
,,,,,,,,,,,,
73,Aethriamanta aethra,Blue Adjutant,Libellulidae,anisoptera,Widespread but Uncommon,128,124,103,379,(no change),uncommon,
52,Gynacantha subinterrupta,Dingy Duskhawker,Aeshnidae,anisoptera,Widespread but Uncommon,204,170,112,1479,(no change),,
10,Euphaea impar,Blue-sided Satinwing,Euphaeidae,zygoptera,Widespread & Common,120,120,116,494,Widespread but Uncommon,,
51,Gynacantha dohrni,Spear-tailed Duskhawker,Aeshnidae,anisoptera,Widespread but Uncommon,153,152,117,187,(no change),,
126,Zyxomma petiolatum,Slender Duskdarter,Libellulidae,anisoptera,Widespread & Common,228,139,132,2127,Widespread but Uncommon,,
77,Agrionoptera sexlineata,Handsome Grenadier,Libellulidae,anisoptera,Widespread but Uncommon,137,137,136,320,(no change),,
119,Tramea transmarina,Saddlebag Glider,Libellulidae,anisoptera,Widespread & Common,156,153,138,942,Widespread but Uncommon,,
48,Anax guttatus,Emperor,Aeshnidae,anisoptera,Widespread but Uncommon,166,162,138,1162,(no change),,
41,Copera marginipes,Yellow Featherlegs,Platycnemididae,zygoptera,Widespread & Common,158,153,141,9699,Widespread but Uncommon,,
89,Hydrobasileus croceus,Water Monarch,Libellulidae,anisoptera,Widespread & Common,164,158,150,797,Widespread but Uncommon,,
25,Ceriagrion chaoi,Fiery Coraltail,Coenagrionidae,zygoptera,Restricted & Rare,163,163,153,346,Restricted & Uncommon,,
35,Teinobasis ruficollis,Red-tailed Sprite,Coenagrionidae,zygoptera,Widespread but Rare,161,160,158,210,Widespread but Uncommon,,
1,Devadatta argyoides,Malayan Grisette,Devadattidae,zygoptera,Restricted & Uncommon,173,169,165,405,(no change),,
90,Indothemis limbata,Restless Demon,Libellulidae,anisoptera,Restricted & Uncommon,173,171,166,301,(no change),,
69,Idionyx yolanda,Shadowdancer,Synthemistidae,anisoptera,Widespread but Uncommon,184,179,166,189,(no change),,
84,Cratilla lineata,Lined Forest Skimmer,Libellulidae,anisoptera,Widespread but Uncommon,182,181,170,1420,(no change),,
29,Onychargia atrocyana,Shorttail,Platycnemididae,zygoptera,Widespread but Uncommon,222,211,197,2516,(no change),,
107,Pornothemis starrei,Mangrove Marshal,Libellulidae,anisoptera,Widespread but Uncommon,207,207,200,261,(no change),,
31,Pseudagrion australasiae,Look-alike Sprite,Coenagrionidae,zygoptera,Restricted & Uncommon,242,230,204,640,(no change),,
33,Pseudagrion pruinosum,Grey Sprite,Coenagrionidae,zygoptera,Restricted but Common,230,230,204,1029,Restricted & Uncommon,,
23,Argiocnemis rubescens,Variable Sprite,Coenagrionidae,zygoptera,Widespread but Uncommon,239,239,227,2808,(no change),,
7,Libellago lineata,Golden Gem,Chlorocyphidae,zygoptera,Widespread & Common,249,246,234,1749,Widespread but Uncommon,,
112,Rhyothemis obsolescens,Bronze Flutterer,Libellulidae,anisoptera,Widespread but Uncommon,263,248,245,613,(no change),,
95,Nesoxenia lineata,Striped Grenadier,Libellulidae,anisoptera,Widespread but Uncommon,265,261,252,347,(no change),,
109,Pseudothemis jorina,Banded Skimmer,Libellulidae,anisoptera,Widespread but Uncommon,277,263,256,661,(no change),,
74,Aethriamanta brevipennis,Scarlet Adjutant,Libellulidae,anisoptera,Widespread but Uncommon,308,296,275,2236,(no change),,
110,Raphismia bispina,Mangrove Dwarf,Libellulidae,anisoptera,Widespread but Uncommon,317,315,305,587,(no change),,
106,Pantala flavescens,Wandering Glider,Libellulidae,anisoptera,Widespread & Common,389,342,312,35801,Widespread but Uncommon,,
108,Potamarcha congener,Common Chaser,Libellulidae,anisoptera,Widespread & Common,354,349,337,6551,Widespread but Uncommon,,
22,Archibasis viola,Violet Sprite,Coenagrionidae,zygoptera,Widespread & Common,400,398,349,518,Widespread but Uncommon,,
40,Coeliccia octogesima,Telephone Sylvan,Platycnemididae,zygoptera,Restricted but Common,395,388,379,423,Restricted & Uncommon,,
115,Rhyothemis triangularis,Sapphire Flutterer,Libellulidae,anisoptera,Widespread but Uncommon,431,421,418,1573,(no change),,
47,Prodasineura notostigma,Crescent Threadtail,Platycnemididae,zygoptera,Widespread & Common,473,470,430,562,Widespread but Uncommon,,
11,Lestes praemorsus,Crenulated Spreadwing,Lestidae,zygoptera,Widespread but Uncommon,452,450,448,1157,(no change),,
14,Podolestes orientalis,Blue-spotted Flatwing,Argiolestidae,zygoptera,Restricted & Uncommon,464,464,458,625,(no change),,
93,Macrodiplax cora,Coastal Glider,Libellulidae,anisoptera,Widespread & Common,673,516,494,3347,Widespread but Uncommon,,
,,,,,,,,,,,,
19,Amphicnemis gracilis,Will-o-wisp,Coenagrionidae,zygoptera,Restricted but Common,548,547,522,618,(no change),common,
87,Diplacodes nebulosa,Black-tipped Percher,Libellulidae,anisoptera,Widespread but Uncommon,590,562,555,1580,Widespread & Common,,
81,Brachythemis contaminata,Common Amberwing,Libellulidae,anisoptera,Widespread & Common,644,600,579,21113,(no change),,
94,Nannophya pygmaea,Scarlet Pygmy,Libellulidae,anisoptera,Widespread & Common,653,610,602,1595,(no change),,
121,Trithemis festiva,Indigo Dropwing,Libellulidae,anisoptera,Widespread & Common,663,640,626,8871,(no change),,
82,Camacinia gigantea,Sultan,Libellulidae,anisoptera,Widespread but Uncommon,711,664,663,1108,Widespread & Common,,
103,Orthetrum luzonicum,Slender Blue Skimmer,Libellulidae,anisoptera,Widespread & Common,784,701,668,4940,(no change),,
16,Agriocnemis femina,Variable Wisp,Coenagrionidae,zygoptera,Widespread & Common,860,758,675,4797,(no change),,
118,Tholymis tillarga,White-barred Duskhawk,Libellulidae,anisoptera,Widespread & Common,1316,744,738,6984,(no change),,
122,Trithemis pallidinervis,Dancing Dropwing,Libellulidae,anisoptera,Widespread but Uncommon,1437,789,769,3493,Widespread & Common,,
72,Acisoma panorpoides,Trumpet Tail,Libellulidae,anisoptera,Widespread & Common,842,823,815,6952,(no change),,
3,Vestalis amethystina,Common Flashwing,Calopterygidae,zygoptera,Restricted but Common,1059,978,822,1398,(no change),,
75,Aethriamanta gracilis,Pond Adjutant,Libellulidae,anisoptera,Widespread & Common,907,890,834,1199,(no change),,
61,Ictinogomphus decoratus,Common Flangetail,Gomphidae,anisoptera,Widespread & Common,874,864,850,2926,(no change),,
45,Prodasineura humeralis,Orange-striped Threadtail,Platycnemididae,zygoptera,Widespread & Common,966,906,860,1212,(no change),,
125,Urothemis signata,Scarlet Basker,Libellulidae,anisoptera,Widespread & Common,979,954,906,4771,(no change),,
111,Rhodothemis rufa,Common Redbolt,Libellulidae,anisoptera,Widespread & Common,1133,981,913,3710,(no change),,
105,Orthetrum testaceum,Scarlet Skimmer,Libellulidae,anisoptera,Widespread & Common,1179,1082,967,5084,(no change),,
88,Diplacodes trivialis,Blue Percher,Libellulidae,anisoptera,Widespread & Common,1071,1051,1037,33472,(no change),,
85,Cratilla metallica,Dark-tipped Forest Skimmer,Libellulidae,anisoptera,Widespread & Common,1234,1178,1162,1693,(no change),,
26,Ischnura senegalensis,Common Bluetail,Coenagrionidae,zygoptera,Widespread & Common,1876,1258,1163,21961,(no change),,
44,Prodasineura collaris,Collared Threadtail,Platycnemididae,zygoptera,Restricted & Uncommon,1353,1312,1224,1503,Restricted but Common,,
24,Ceriagrion cerinorubellum,Ornate Coraltail,Coenagrionidae,zygoptera,Widespread & Common,1795,1427,1398,4569,(no change),,
123,Tyriobapta torrida,Treehugger,Libellulidae,anisoptera,Widespread & Common,1546,1455,1443,2539,(no change),,
102,Orthetrum glaucum,Common Blue Skimmer,Libellulidae,anisoptera,Widespread & Common,1952,1839,1652,15480,(no change),,
100,Orchithemis pulcherrima,Variable Sentinel,Libellulidae,anisoptera,Widespread & Common,1872,1799,1745,2375,(no change),,
104,Orthetrum sabina,Variegated Green Skimmer,Libellulidae,anisoptera,Widespread & Common,1902,1780,1752,29946,(no change),,
91,Lathrecista asiatica,Scarlet Grenadier,Libellulidae,anisoptera,Widespread & Common,1922,1768,1755,6066,(no change),,
113,Rhyothemis phyllis,Yellow-barred Flutterer,Libellulidae,anisoptera,Widespread & Common,2110,1875,1859,14783,(no change),,
32,Pseudagrion siamense,Blue Sprite,Coenagrionidae,zygoptera,Widespread & Common,2709,2205,1894,4050,(no change),,
78,Brachydiplax chalybea,Blue Dasher,Libellulidae,anisoptera,Widespread & Common,1964,1939,1896,8997,(no change),,
101,Orthetrum chrysis,Spine-tufted Skimmer,Libellulidae,anisoptera,Widespread & Common,2447,2168,2075,7281,(no change),,
76,Agrionoptera insignis,Grenadier,Libellulidae,anisoptera,Widespread & Common,2416,2286,2246,5058,(no change),,
120,Trithemis aurora,Crimson Dropwing,Libellulidae,anisoptera,Widespread & Common,3528,3139,3052,20389,(no change),,
86,Crocothemis servilia,Common Scarlet,Libellulidae,anisoptera,Widespread & Common,6340,4596,4442,31416,(no change),,
97,Neurothemis fluctuans,Common Parasol,Libellulidae,anisoptera,Widespread & Common,9387,6476,6374,12259,(no change),,
