common_name,species,distribution_and_rarity
Blue-spotted Flatwing,Podolestes orientalis,Restricted & Uncommon
White-faced Clearwing,Echo modesta,Nationally Extinct
Green Metalwing,Neurobasis chinensis,Nationally Extinct
Common Flashwing,Vestalis amethystina,Restricted but Common
Charming Flashwing,Vestalis amoena,Restricted & Uncommon
Plain Flashwing,Vestalis gracilis,Restricted but Common
Fiery Gem,Libellago aurantiaca,Restricted but Common
Clearwing Gem,Libellago hyalina,Restricted but Common
Golden Gem,Libellago lineata,Widespread & Common
Orange-faced Gem,Libellago stigmatizans,Nationally Extinct
Blue Slim,Aciagrion hisopa,Restricted & Very Rare
Variable Wisp,Agriocnemis femina,Widespread & Common
Marsh Wisp,Agriocnemis minima,Restricted & Very Rare
Dwarf Wisp,Agriocnemis nana,Restricted & Very Rare
Wandering Wisp,Agriocnemis pygmaea,Widespread but Rare
Bebar Wisp,Amphicnemis bebar,Restricted & Very Rare
Will-o-wisp,Amphicnemis gracilis,Restricted but Common
Blue-nosed Sprite,Archibasis melanocyana,Restricted & Rare
Rebecca's Sprite,Archibasis rebeccae,Restricted & Very Rare
Violet Sprite,Archibasis viola,Widespread & Common
Variable Sprite,Argiocnemis rubescens rubeola,Widespread but Uncommon
Ornate Coraltail,Ceriagrion cerinorubellum,Widespread & Common
Fiery Coraltail,Ceriagrion chaoi,Restricted & Rare
Common Bluetail,Ischnura senegalensis,Widespread & Common
Blue Midget,Mortonagrion aborense,Restricted & Rare
Arthur's Midget,Mortonagrion arthuri,Restricted & Rare
Hooked Midget,Mortonagrion falcatum,Restricted & Very Rare
Dryad,Pericnemis stictica,Restricted & Rare
Look-alike Sprite,Pseudagrion australasiae,Restricted & Uncommon
Blue Sprite,Pseudagrion siamense,Widespread & Common
Grey Sprite,Pseudagrion pruinosum,Restricted but Common
Orange-faced Sprite,Pseudagrion rubriceps,Widespread but Rare
Cryptic Shadesprite,Teinobasis cryptica,Restricted & Very Rare
Red-tailed Sprite,Teinobasis ruficollis,Widespread but Rare
Malayan Grisette,Devadatta argyoides,Restricted & Uncommon
Black Velvetwing,Dysphaea dimidiata,Nationally Extinct
Blue-sided Satinwing,Euphaea impar,Widespread & Common
Crenulated Spreadwing,Lestes praemorsus,Widespread but Uncommon
Great Spreadwing,Orolestes wallacei,Nationally Extinct
Slender Spreadwing,Platylestes heterostylus,Restricted & Very Rare
White-tailed Sylvan,Coeliccia albicauda,Restricted & Very Rare
Twin-spotted Sylvan,Coeliccia didyma,Restricted & Very Rare
Telephone Sylvan,Coeliccia octogesima,Restricted but Common
Yellow Featherlegs,Copera marginipes,Widespread & Common
Variable Featherlegs,Copera vittata,Restricted & Rare
Shorttail,Onychargia atrocyana,Widespread but Uncommon
Collared Threadtail,Prodasineura collaris,Restricted & Uncommon
Orange-striped Threadtail,Prodasineura humeralis,Widespread & Common
Interrupted Threadtail,Prodasineura interrupta,Restricted & Uncommon
Crescent Threadtail,Prodasineura notostigma,Widespread & Common
Singapore Shadowdamsel,Drepanosticta quadrata,Restricted but Common
Emperor,Anax guttatus,Widespread but Uncommon
Arrow Emperor,Anax panybeus,Widespread but Rare
Spoon-tailed Duskhawker,Gynacantha basiguttata,Restricted & Rare
Small Duskhawker,Gynacantha bayadera,Widespread but Rare
Spear-tailed Duskhawker,Gynacantha dohrni,Widespread but Uncommon
Dingy Duskhawker,Gynacantha subinterrupta,Widespread but Uncommon
Nighthawker,Heliaeschna crassa,Restricted & Very Rare
Plain Nighthawker,Heliaeschna simplicia,Restricted & Very Rare
Lesser Nighthawker,Heliaeschna uninervulata,Widespread but Rare
Paddletail,Oligoaeschna amata,Restricted & Very Rare
Leaftail,Oligoaeschna foliacea,Restricted & Very Rare
Giant Hawker,Tetracanthagyna plagiata,Restricted & Uncommon
Emerald,Hemicordulia tenera,Restricted & Rare
Malayan Hooktail,Acrogomphus malayanus,Restricted & Rare
Arthur's Clubtail,Burmagomphus arthuri,Restricted & Very Rare
Splayed Clubtail,Burmagomphus divaricatus,Nationally Extinct
Lesser Splayed Clubtail,Burmagomphus plagiatus,Nationally Extinct
Malayan Grappletail,Heliogomphus kelantanensis,Restricted & Rare
Common Flangetail,Ictinogomphus decoratus,Widespread & Common
Ris' Clubtail,Leptogomphus risi,Restricted & Rare
Forktail,Macrogomphus quadratus,Restricted & Uncommon
Malayan Spineleg,Merogomphus femoralis,Restricted & Very Rare
Tiny Sheartail,Microgomphus chelifer,Restricted & Rare
Banded Hooktail,Paragomphus capricornis,Restricted & Rare
Trumpet Tail,Acisoma panorpoides,Widespread & Common
Blue Adjutant,Aethriamanta aethra,Widespread but Uncommon
Scarlet Adjutant,Aethriamanta brevipennis,Widespread but Uncommon
Pond Adjutant,Aethriamanta gracilis,Widespread & Common
Grenadier,Agrionoptera insignis,Widespread and Common
Handsome Grenadier,Agrionoptera sexlineata,Widespread but Uncommon
Blue Dasher,Brachydiplax chalybea,Widespread & Common
Black-tailed Dasher,Brachydiplax farinosa,Restricted & Very Rare
Pixie,Brachygonia oculata,Restricted & Uncommon
Common Amberwing,Brachythemis contaminata,Widespread & Common
Sultan,Camacinia gigantea,Widespread but Uncommon
Green-eyed Percher,Chalybeothemis fluviatilis,Restricted & Uncommon
Lined Forest Skimmer,Cratilla lineata,Widespread but Uncommon
Dark-tipped Forest Skimmer,Cratilla metallica,Widespread & Common
Common Scarlet,Crocothemis servilia,Widespread & Common
Black-tipped Percher,Diplacodes nebulosa,Widespread but Uncommon
Blue Percher,Diplacodes trivialis,Widespread & Common
Water Monarch,Hydrobasileus croceus,Widespread & Common
White-tipped Demon,Indothemis carnatica,Restricted & Very Rare
Restless Demon,Indothemis limbata,Restricted & Uncommon
Scarlet Grenadier,Lathrecista asiatica,Widespread & Common
Bombardier,Lyriothemis cleis,Restricted & Rare
Coastal Glider,Macrodiplax cora,Widespread & Common
Scarlet Pygmy,Nannophya pygmaea,Widespread & Common
Striped Grenadier,Nesoxenia lineata,Widespread but Uncommon
Rare Parasol,Neurothemis disparilis,Nationally Extinct
Common Parasol,Neurothemis fluctuans,Widespread & Common
Riverhawk,Onychothemis testacea,Restricted & Very Rare
Blue Sentinel,Orchithemis pruinans,Restricted & Rare
Variable Sentinel,Orchithemis pulcherrima,Widespread & Common
Spine-tufted Skimmer,Orthetrum chrysis,Widespread & Common
Common Blue Skimmer,Orthetrum glaucum,Widespread & Common
Slender Blue Skimmer,Orthetrum luzonicum,Widespread & Common
Variegated Green Skimmer,Orthetrum sabina,Widespread & Common
Scarlet Skimmer,Orthetrum testaceum,Widespread & Common
Wandering Glider,Pantala flavescens,Widespread & Common
Mangrove Marshal,Pornothemis starrei,Widespread but Uncommon
Common Chaser,Potamarcha congener,Widespread & Common
Banded Skimmer,Pseudothemis jorina,Widespread but Uncommon
Mangrove Dwarf,Raphismia bispina,Widespread but Uncommon
Common Redbolt,Rhodothemis rufa,Widespread & Common
Small Bronze Flutterer,Rhyothemis fulgens,Nationally Extinct
Bronze Flutterer,Rhyothemis obsolescens,Widespread but Uncommon
Yellow-barred Flutterer,Rhyothemis phyllis,Widespread & Common
Sapphire Flutterer,Rhyothemis triangularis,Widespread but Uncommon
Potbellied Elf,Risiophlebia dohrni,Restricted & Rare
Elf,Tetrathemis hyalina,Restricted & Very Rare
White-barred Duskhawk,Tholymis tillarga,Widespread & Common
Saddlebag Glider,Tramea transmarina euryale,Widespread & Common
Crimson Dropwing,Trithemis aurora,Widespread & Common
Indigo Dropwing,Trithemis festiva,Widespread & Common
Dancing Dropwing,Trithemis pallidinervis,Widespread but Uncommon
Treehugger,Tyriobapta torrida,Widespread & Common
Rare Basker,Urothemis abbotti,Nationally Extinct
Scarlet Basker,Urothemis signata insignata,Widespread & Common
White Duskdarter,Zyxomma obtusum,Restricted & Uncommon
Slender Duskdarter,Zyxomma petiolatum,Widespread & Common
Pond Cruiser,Epophthalmia vittigera,Widespread & Common
Stream Cruiser,Macromia cincta,Restricted & Rare
Lesser Stream Cruiser,Macromia cydippe,Restricted & Rare
Shadowdancer,Idionyx yolanda,Widespread but Uncommon
Bornean Slim,Aciagrion borneense,
Yellow-tinted Elf,Tetrathemis flavescens,
